meals_id,participant_id,date_served
1,1,2025-07-01
11,1,2025-07-01
21,1,2025-07-01
1,1,2025-07-02
11,1,2025-07-02
21,1,2025-07-02
1,1,2025-07-03
11,1,2025-07-03
21,1,2025-07-03
1,1,2025-07-04
11,1,2025-07-04
21,1,2025-07-04
1,1,2025-07-05
11,1,2025-07-05
21,1,2025-07-05
1,1,2025-07-06
11,1,2025-07-06
21,1,2025-07-06
1,1,2025-07-07
11,1,2025-07-07
21,1,2025-07-07
1,1,2025-07-08
11,1,2025-07-08
21,1,2025-07-08
1,1,2025-07-09
11,1,2025-07-09
21,1,2025-07-09
1,1,2025-07-10
11,1,2025-07-10
21,1,2025-07-10
1,2,2025-07-01
12,2,2025-07-01
22,2,2025-07-01
2,2,2025-07-02
12,2,2025-07-02
22,2,2025-07-02
2,2,2025-07-03
12,2,2025-07-03
22,2,2025-07-03
2,2,2025-07-04
12,2,2025-07-04
22,2,2025-07-04
2,2,2025-07-05
12,2,2025-07-05
22,2,2025-07-05
2,2,2025-07-06
12,2,2025-07-06
22,2,2025-07-06
2,2,2025-07-07
12,2,2025-07-07
22,2,2025-07-07
2,2,2025-07-08
12,2,2025-07-08
22,2,2025-07-08
2,2,2025-07-09
12,2,2025-07-09
22,2,2025-07-09
2,2,2025-07-10
12,2,2025-07-10
22,2,2025-07-10
1,3,2025-07-01
13,3,2025-07-01
23,3,2025-07-01
3,3,2025-07-02
13,3,2025-07-02
23,3,2025-07-02
3,3,2025-07-03
13,3,2025-07-03
23,3,2025-07-03
3,3,2025-07-04
13,3,2025-07-04
23,3,2025-07-04
3,3,2025-07-05
13,3,2025-07-05
23,3,2025-07-05
3,3,2025-07-06
13,3,2025-07-06
23,3,2025-07-06
3,3,2025-07-07
13,3,2025-07-07
23,3,2025-07-07
3,3,2025-07-08
13,3,2025-07-08
23,3,2025-07-08
3,3,2025-07-09
13,3,2025-07-09
23,3,2025-07-09
3,3,2025-07-10
13,3,2025-07-10
23,3,2025-07-10
4,4,2025-07-01
14,4,2025-07-01
24,4,2025-07-01
4,4,2025-07-02
14,4,2025-07-02
24,4,2025-07-02
4,4,2025-07-03
14,4,2025-07-03
24,4,2025-07-03
4,4,2025-07-04
14,4,2025-07-04
24,4,2025-07-04
4,4,2025-07-05
14,4,2025-07-05
24,4,2025-07-05
4,4,2025-07-06
14,4,2025-07-06
24,4,2025-07-06
4,4,2025-07-07
14,4,2025-07-07
24,4,2025-07-07
4,4,2025-07-08
14,4,2025-07-08
24,4,2025-07-08
4,4,2025-07-09
14,4,2025-07-09
24,4,2025-07-09
4,4,2025-07-10
14,4,2025-07-10
24,4,2025-07-10
5,5,2025-07-01
15,5,2025-07-01
25,5,2025-07-01
5,5,2025-07-02
15,5,2025-07-02
25,5,2025-07-02
5,5,2025-07-03
15,5,2025-07-03
25,5,2025-07-03
5,5,2025-07-04
15,5,2025-07-04
25,5,2025-07-04
5,5,2025-07-05
15,5,2025-07-05
25,5,2025-07-05
5,5,2025-07-06
15,5,2025-07-06
25,5,2025-07-06
5,5,2025-07-07
15,5,2025-07-07
25,5,2025-07-07
5,5,2025-07-08
15,5,2025-07-08
25,5,2025-07-08
5,5,2025-07-09
15,5,2025-07-09
25,5,2025-07-09
5,5,2025-07-10
15,5,2025-07-10
25,5,2025-07-10
6,6,2025-07-01
16,6,2025-07-01
26,6,2025-07-01
6,6,2025-07-02
16,6,2025-07-02
26,6,2025-07-02
6,6,2025-07-03
16,6,2025-07-03
26,6,2025-07-03
6,6,2025-07-04
16,6,2025-07-04
26,6,2025-07-04
6,6,2025-07-05
16,6,2025-07-05
26,6,2025-07-05
6,6,2025-07-06
16,6,2025-07-06
26,6,2025-07-06
6,6,2025-07-07
16,6,2025-07-07
26,6,2025-07-07
6,6,2025-07-08
16,6,2025-07-08
26,6,2025-07-08
6,6,2025-07-09
16,6,2025-07-09
26,6,2025-07-09
6,6,2025-07-10
16,6,2025-07-10
26,6,2025-07-10
7,7,2025-07-01
17,7,2025-07-01
27,7,2025-07-01
7,7,2025-07-02
17,7,2025-07-02
27,7,2025-07-02
7,7,2025-07-03
17,7,2025-07-03
27,7,2025-07-03
7,7,2025-07-04
17,7,2025-07-04
27,7,2025-07-04
7,7,2025-07-05
17,7,2025-07-05
27,7,2025-07-05
7,7,2025-07-06
17,7,2025-07-06
27,7,2025-07-06
7,7,2025-07-07
17,7,2025-07-07
27,7,2025-07-07
7,7,2025-07-08
17,7,2025-07-08
27,7,2025-07-08
7,7,2025-07-09
17,7,2025-07-09
27,7,2025-07-09
7,7,2025-07-10
17,7,2025-07-10
27,7,2025-07-10
8,8,2025-07-01
18,8,2025-07-01
28,8,2025-07-01
8,8,2025-07-02
18,8,2025-07-02
28,8,2025-07-02
8,8,2025-07-03
18,8,2025-07-03
28,8,2025-07-03
8,8,2025-07-04
18,8,2025-07-04
28,8,2025-07-04
8,8,2025-07-05
18,8,2025-07-05
28,8,2025-07-05
8,8,2025-07-06
18,8,2025-07-06
28,8,2025-07-06
8,8,2025-07-07
18,8,2025-07-07
28,8,2025-07-07
8,8,2025-07-08
18,8,2025-07-08
28,8,2025-07-08
8,8,2025-07-09
18,8,2025-07-09
28,8,2025-07-09
8,8,2025-07-10
18,8,2025-07-10
28,8,2025-07-10
9,9,2025-07-01
19,9,2025-07-01
29,9,2025-07-01
9,9,2025-07-02
19,9,2025-07-02
29,9,2025-07-02
9,9,2025-07-03
19,9,2025-07-03
29,9,2025-07-03
9,9,2025-07-04
19,9,2025-07-04
29,9,2025-07-04
9,9,2025-07-05
19,9,2025-07-05
29,9,2025-07-05
9,9,2025-07-06
19,9,2025-07-06
29,9,2025-07-06
9,9,2025-07-07
19,9,2025-07-07
29,9,2025-07-07
9,9,2025-07-08
19,9,2025-07-08
29,9,2025-07-08
9,9,2025-07-09
19,9,2025-07-09
29,9,2025-07-09
9,9,2025-07-10
19,9,2025-07-10
29,9,2025-07-10
10,10,2025-07-01
20,10,2025-07-01
30,10,2025-07-01
10,10,2025-07-02
20,10,2025-07-02
30,10,2025-07-02
10,10,2025-07-03
20,10,2025-07-03
30,10,2025-07-03
10,10,2025-07-04
20,10,2025-07-04
30,10,2025-07-04
10,10,2025-07-05
20,10,2025-07-05
30,10,2025-07-05
10,10,2025-07-06
20,10,2025-07-06
30,10,2025-07-06
10,10,2025-07-07
20,10,2025-07-07
30,10,2025-07-07
10,10,2025-07-08
20,10,2025-07-08
30,10,2025-07-08
10,10,2025-07-09
20,10,2025-07-09
30,10,2025-07-09
10,10,2025-07-10
20,10,2025-07-10
30,10,2025-07-10
1,11,2025-07-11
11,11,2025-07-11
21,11,2025-07-11
1,11,2025-07-12
11,11,2025-07-12
21,11,2025-07-12
1,11,2025-07-13
11,11,2025-07-13
21,11,2025-07-13
1,11,2025-07-14
11,11,2025-07-14
21,11,2025-07-14
1,11,2025-07-15
11,11,2025-07-15
21,11,2025-07-15
1,11,2025-07-16
11,11,2025-07-16
21,11,2025-07-16
1,11,2025-07-17
11,11,2025-07-17
21,11,2025-07-17
1,11,2025-07-18
11,11,2025-07-18
21,11,2025-07-18
1,11,2025-07-19
11,11,2025-07-19
21,11,2025-07-19
1,11,2025-07-20
11,11,2025-07-20
21,11,2025-07-20
2,12,2025-07-11
12,12,2025-07-11
22,12,2025-07-11
2,12,2025-07-12
12,12,2025-07-12
22,12,2025-07-12
2,12,2025-07-13
12,12,2025-07-13
22,12,2025-07-13
2,12,2025-07-14
12,12,2025-07-14
22,12,2025-07-14
2,12,2025-07-15
12,12,2025-07-15
22,12,2025-07-15
2,12,2025-07-16
12,12,2025-07-16
22,12,2025-07-16
2,12,2025-07-17
12,12,2025-07-17
22,12,2025-07-17
2,12,2025-07-18
12,12,2025-07-18
22,12,2025-07-18
2,12,2025-07-19
12,12,2025-07-19
22,12,2025-07-19
2,12,2025-07-20
12,12,2025-07-20
22,12,2025-07-20
3,13,2025-07-11
13,13,2025-07-11
23,13,2025-07-11
3,13,2025-07-12
13,13,2025-07-12
23,13,2025-07-12
3,13,2025-07-13
13,13,2025-07-13
23,13,2025-07-13
3,13,2025-07-14
13,13,2025-07-14
23,13,2025-07-14
3,13,2025-07-15
13,13,2025-07-15
23,13,2025-07-15
3,13,2025-07-16
13,13,2025-07-16
23,13,2025-07-16
3,13,2025-07-17
13,13,2025-07-17
23,13,2025-07-17
3,13,2025-07-18
13,13,2025-07-18
23,13,2025-07-18
3,13,2025-07-19
13,13,2025-07-19
23,13,2025-07-19
3,13,2025-07-20
13,13,2025-07-20
23,13,2025-07-20
4,14,2025-07-11
14,14,2025-07-11
24,14,2025-07-11
4,14,2025-07-12
14,14,2025-07-12
24,14,2025-07-12
4,14,2025-07-13
14,14,2025-07-13
24,14,2025-07-13
4,14,2025-07-14
14,14,2025-07-14
24,14,2025-07-14
4,14,2025-07-15
14,14,2025-07-15
24,14,2025-07-15
4,14,2025-07-16
14,14,2025-07-16
24,14,2025-07-16
4,14,2025-07-17
14,14,2025-07-17
24,14,2025-07-17
4,14,2025-07-18
14,14,2025-07-18
24,14,2025-07-18
4,14,2025-07-19
14,14,2025-07-19
24,14,2025-07-19
4,14,2025-07-20
14,14,2025-07-20
24,14,2025-07-20
5,15,2025-07-11
15,15,2025-07-11
25,15,2025-07-11
5,15,2025-07-12
15,15,2025-07-12
25,15,2025-07-12
5,15,2025-07-13
15,15,2025-07-13
25,15,2025-07-13
5,15,2025-07-14
15,15,2025-07-14
25,15,2025-07-14
5,15,2025-07-15
15,15,2025-07-15
25,15,2025-07-15
5,15,2025-07-16
15,15,2025-07-16
25,15,2025-07-16
5,15,2025-07-17
15,15,2025-07-17
25,15,2025-07-17
5,15,2025-07-18
15,15,2025-07-18
25,15,2025-07-18
5,15,2025-07-19
15,15,2025-07-19
25,15,2025-07-19
5,15,2025-07-20
15,15,2025-07-20
25,15,2025-07-20
6,16,2025-07-11
16,16,2025-07-11
26,16,2025-07-11
6,16,2025-07-12
16,16,2025-07-12
26,16,2025-07-12
6,16,2025-07-13
16,16,2025-07-13
26,16,2025-07-13
6,16,2025-07-14
16,16,2025-07-14
26,16,2025-07-14
6,16,2025-07-15
16,16,2025-07-15
26,16,2025-07-15
6,16,2025-07-16
16,16,2025-07-16
26,16,2025-07-16
6,16,2025-07-17
16,16,2025-07-17
26,16,2025-07-17
6,16,2025-07-18
16,16,2025-07-18
26,16,2025-07-18
6,16,2025-07-19
16,16,2025-07-19
26,16,2025-07-19
6,16,2025-07-20
16,16,2025-07-20
26,16,2025-07-20
7,17,2025-07-11
17,17,2025-07-11
27,17,2025-07-11
7,17,2025-07-12
17,17,2025-07-12
27,17,2025-07-12
7,17,2025-07-13
17,17,2025-07-13
27,17,2025-07-13
7,17,2025-07-14
17,17,2025-07-14
27,17,2025-07-14
7,17,2025-07-15
17,17,2025-07-15
27,17,2025-07-15
7,17,2025-07-16
17,17,2025-07-16
27,17,2025-07-16
7,17,2025-07-17
17,17,2025-07-17
27,17,2025-07-17
7,17,2025-07-18
17,17,2025-07-18
27,17,2025-07-18
7,17,2025-07-19
17,17,2025-07-19
27,17,2025-07-19
7,17,2025-07-20
17,17,2025-07-20
27,17,2025-07-20
8,18,2025-07-11
18,18,2025-07-11
28,18,2025-07-11
8,18,2025-07-12
18,18,2025-07-12
28,18,2025-07-12
8,18,2025-07-13
18,18,2025-07-13
28,18,2025-07-13
8,18,2025-07-14
18,18,2025-07-14
28,18,2025-07-14
8,18,2025-07-15
18,18,2025-07-15
28,18,2025-07-15
8,18,2025-07-16
18,18,2025-07-16
28,18,2025-07-16
8,18,2025-07-17
18,18,2025-07-17
28,18,2025-07-17
8,18,2025-07-18
18,18,2025-07-18
28,18,2025-07-18
8,18,2025-07-19
18,18,2025-07-19
28,18,2025-07-19
8,18,2025-07-20
18,18,2025-07-20
28,18,2025-07-20
9,19,2025-07-11
19,19,2025-07-11
29,19,2025-07-11
9,19,2025-07-12
19,19,2025-07-12
29,19,2025-07-12
9,19,2025-07-13
19,19,2025-07-13
29,19,2025-07-13
9,19,2025-07-14
19,19,2025-07-14
29,19,2025-07-14
9,19,2025-07-15
19,19,2025-07-15
29,19,2025-07-15
9,19,2025-07-16
19,19,2025-07-16
29,19,2025-07-16
9,19,2025-07-17
19,19,2025-07-17
29,19,2025-07-17
9,19,2025-07-18
19,19,2025-07-18
29,19,2025-07-18
9,19,2025-07-19
19,19,2025-07-19
29,19,2025-07-19
9,19,2025-07-20
19,19,2025-07-20
29,19,2025-07-20
10,20,2025-07-11
20,20,2025-07-11
30,20,2025-07-11
10,20,2025-07-12
20,20,2025-07-12
30,20,2025-07-12
10,20,2025-07-13
20,20,2025-07-13
30,20,2025-07-13
10,20,2025-07-14
20,20,2025-07-14
30,20,2025-07-14
10,20,2025-07-15
20,20,2025-07-15
30,20,2025-07-15
10,20,2025-07-16
20,20,2025-07-16
30,20,2025-07-16
10,20,2025-07-17
20,20,2025-07-17
30,20,2025-07-17
10,20,2025-07-18
20,20,2025-07-18
30,20,2025-07-18
10,20,2025-07-19
20,20,2025-07-19
30,20,2025-07-19
10,20,2025-07-20
20,20,2025-07-20
30,20,2025-07-20
1,21,2025-07-21
11,21,2025-07-21
21,21,2025-07-21
1,21,2025-07-22
11,21,2025-07-22
21,21,2025-07-22
1,21,2025-07-23
11,21,2025-07-23
21,21,2025-07-23
1,21,2025-07-24
11,21,2025-07-24
21,21,2025-07-24
1,21,2025-07-25
11,21,2025-07-25
21,21,2025-07-25
1,21,2025-07-26
11,21,2025-07-26
21,21,2025-07-26
1,21,2025-07-27
11,21,2025-07-27
21,21,2025-07-27
1,21,2025-07-28
11,21,2025-07-28
21,21,2025-07-28
1,21,2025-07-29
11,21,2025-07-29
21,21,2025-07-29
1,21,2025-07-30
11,21,2025-07-30
21,21,2025-07-30
2,22,2025-07-21
12,22,2025-07-21
22,22,2025-07-21
2,22,2025-07-22
12,22,2025-07-22
22,22,2025-07-22
2,22,2025-07-23
12,22,2025-07-23
22,22,2025-07-23
2,22,2025-07-24
12,22,2025-07-24
22,22,2025-07-24
2,22,2025-07-25
12,22,2025-07-25
22,22,2025-07-25
2,22,2025-07-26
12,22,2025-07-26
22,22,2025-07-26
2,22,2025-07-27
12,22,2025-07-27
22,22,2025-07-27
2,22,2025-07-28
12,22,2025-07-28
22,22,2025-07-28
2,22,2025-07-29
12,22,2025-07-29
22,22,2025-07-29
2,22,2025-07-30
12,22,2025-07-30
22,22,2025-07-30
3,23,2025-07-21
13,23,2025-07-21
23,23,2025-07-21
3,23,2025-07-22
13,23,2025-07-22
23,23,2025-07-22
3,23,2025-07-23
13,23,2025-07-23
23,23,2025-07-23
3,23,2025-07-24
13,23,2025-07-24
23,23,2025-07-24
3,23,2025-07-25
13,23,2025-07-25
23,23,2025-07-25
3,23,2025-07-26
13,23,2025-07-26
23,23,2025-07-26
3,23,2025-07-27
13,23,2025-07-27
23,23,2025-07-27
3,23,2025-07-28
13,23,2025-07-28
23,23,2025-07-28
3,23,2025-07-29
13,23,2025-07-29
23,23,2025-07-29
3,23,2025-07-30
13,23,2025-07-30
23,23,2025-07-30
4,24,2025-07-21
14,24,2025-07-21
24,24,2025-07-21
4,24,2025-07-22
14,24,2025-07-22
24,24,2025-07-22
4,24,2025-07-23
14,24,2025-07-23
24,24,2025-07-23
4,24,2025-07-24
14,24,2025-07-24
24,24,2025-07-24
4,24,2025-07-25
14,24,2025-07-25
24,24,2025-07-25
4,24,2025-07-26
14,24,2025-07-26
24,24,2025-07-26
4,24,2025-07-27
14,24,2025-07-27
24,24,2025-07-27
4,24,2025-07-28
14,24,2025-07-28
24,24,2025-07-28
4,24,2025-07-29
14,24,2025-07-29
24,24,2025-07-29
4,24,2025-07-30
14,24,2025-07-30
24,24,2025-07-30
5,25,2025-07-21
15,25,2025-07-21
25,25,2025-07-21
5,25,2025-07-22
15,25,2025-07-22
25,25,2025-07-22
5,25,2025-07-23
15,25,2025-07-23
25,25,2025-07-23
5,25,2025-07-24
15,25,2025-07-24
25,25,2025-07-24
5,25,2025-07-25
15,25,2025-07-25
25,25,2025-07-25
5,25,2025-07-26
15,25,2025-07-26
25,25,2025-07-26
5,25,2025-07-27
15,25,2025-07-27
25,25,2025-07-27
5,25,2025-07-28
15,25,2025-07-28
25,25,2025-07-28
5,25,2025-07-29
15,25,2025-07-29
25,25,2025-07-29
5,25,2025-07-30
15,25,2025-07-30
25,25,2025-07-30
6,26,2025-07-21
16,26,2025-07-21
26,26,2025-07-21
6,26,2025-07-22
16,26,2025-07-22
26,26,2025-07-22
6,26,2025-07-23
16,26,2025-07-23
26,26,2025-07-23
6,26,2025-07-24
16,26,2025-07-24
26,26,2025-07-24
6,26,2025-07-25
16,26,2025-07-25
26,26,2025-07-25
6,26,2025-07-26
16,26,2025-07-26
26,26,2025-07-26
6,26,2025-07-27
16,26,2025-07-27
26,26,2025-07-27
6,26,2025-07-28
16,26,2025-07-28
26,26,2025-07-28
6,26,2025-07-29
16,26,2025-07-29
26,26,2025-07-29
6,26,2025-07-30
16,26,2025-07-30
26,26,2025-07-30
7,27,2025-07-21
17,27,2025-07-21
27,27,2025-07-21
7,27,2025-07-22
17,27,2025-07-22
27,27,2025-07-22
7,27,2025-07-23
17,27,2025-07-23
27,27,2025-07-23
7,27,2025-07-24
17,27,2025-07-24
27,27,2025-07-24
7,27,2025-07-25
17,27,2025-07-25
27,27,2025-07-25
7,27,2025-07-26
17,27,2025-07-26
27,27,2025-07-26
7,27,2025-07-27
17,27,2025-07-27
27,27,2025-07-27
7,27,2025-07-28
17,27,2025-07-28
27,27,2025-07-28
7,27,2025-07-29
17,27,2025-07-29
27,27,2025-07-29
7,27,2025-07-30
17,27,2025-07-30
27,27,2025-07-30
8,28,2025-07-21
18,28,2025-07-21
28,28,2025-07-21
8,28,2025-07-22
18,28,2025-07-22
28,28,2025-07-22
8,28,2025-07-23
18,28,2025-07-23
28,28,2025-07-23
8,28,2025-07-24
18,28,2025-07-24
28,28,2025-07-24
8,28,2025-07-25
18,28,2025-07-25
28,28,2025-07-25
8,28,2025-07-26
18,28,2025-07-26
28,28,2025-07-26
8,28,2025-07-27
18,28,2025-07-27
28,28,2025-07-27
8,28,2025-07-28
18,28,2025-07-28
28,28,2025-07-28
8,28,2025-07-29
18,28,2025-07-29
28,28,2025-07-29
8,28,2025-07-30
18,28,2025-07-30
28,28,2025-07-30
9,29,2025-07-21
19,29,2025-07-21
29,29,2025-07-21
9,29,2025-07-22
19,29,2025-07-22
29,29,2025-07-22
9,29,2025-07-23
19,29,2025-07-23
29,29,2025-07-23
9,29,2025-07-24
19,29,2025-07-24
29,29,2025-07-24
9,29,2025-07-25
19,29,2025-07-25
29,29,2025-07-25
9,29,2025-07-26
19,29,2025-07-26
29,29,2025-07-26
9,29,2025-07-27
19,29,2025-07-27
29,29,2025-07-27
9,29,2025-07-28
19,29,2025-07-28
29,29,2025-07-28
9,29,2025-07-29
19,29,2025-07-29
29,29,2025-07-29
9,29,2025-07-30
19,29,2025-07-30
29,29,2025-07-30
10,30,2025-07-21
20,30,2025-07-21
30,30,2025-07-21
10,30,2025-07-22
20,30,2025-07-22
30,30,2025-07-22
10,30,2025-07-23
20,30,2025-07-23
30,30,2025-07-23
10,30,2025-07-24
20,30,2025-07-24
30,30,2025-07-24
10,30,2025-07-25
20,30,2025-07-25
30,30,2025-07-25
10,30,2025-07-26
20,30,2025-07-26
30,30,2025-07-26
10,30,2025-07-27
20,30,2025-07-27
30,30,2025-07-27
10,30,2025-07-28
20,30,2025-07-28
30,30,2025-07-28
10,30,2025-07-29
20,30,2025-07-29
30,30,2025-07-29
10,30,2025-07-30
20,30,2025-07-30
30,30,2025-07-30